000001;Партер;1;1;бесплатно
000002;Партер;1;2;бесплатно
000003;Партер;1;3;бесплатно
000004;Партер;1;4;бесплатно
000005;Партер;1;5;бесплатно
000006;Партер;1;6;бесплатно
000007;Партер;1;7;бесплатно
000008;Партер;1;8;бесплатно
000009;Партер;1;9;бесплатно
000010;Партер;1;10;бесплатно
000011;Партер;1;11;бесплатно
000012;Партер;1;12;бесплатно
000013;Партер;1;13;бесплатно
000014;Партер;1;14;бесплатно
000015;Партер;1;15;бесплатно
000016;Партер;1;16;бесплатно
000017;Партер;1;17;бесплатно
000018;Партер;1;18;бесплатно
000019;Партер;1;19;бесплатно
000020;Партер;1;20;бесплатно
000021;Партер;1;21;бесплатно
000022;Партер;1;22;бесплатно
000023;Партер;1;23;бесплатно
000024;Партер;1;24;бесплатно
000025;Партер;1;25;бесплатно
000026;Партер;1;26;бесплатно
000027;Партер;1;27;бесплатно
000028;Партер;1;28;бесплатно
000029;Партер;2;1;600 руб.
000030;Партер;2;2;600 руб.
000031;Партер;2;3;600 руб.
000032;Партер;2;4;600 руб.
000033;Партер;2;5;600 руб.
000034;Партер;2;6;600 руб.
000035;Партер;2;7;600 руб.
000036;Партер;2;8;600 руб.
000037;Партер;2;9;600 руб.
000038;Партер;2;10;600 руб.
000039;Партер;2;11;600 руб.
000040;Партер;2;12;600 руб.
000041;Партер;2;13;600 руб.
000042;Партер;2;14;600 руб.
000043;Партер;2;15;600 руб.
000044;Партер;2;16;600 руб.
000045;Партер;2;17;600 руб.
000046;Партер;2;18;600 руб.
000047;Партер;2;19;600 руб.
000048;Партер;2;20;600 руб.
000049;Партер;2;21;600 руб.
000050;Партер;2;22;600 руб.
000051;Партер;2;23;600 руб.
000052;Партер;2;24;600 руб.
000053;Партер;2;25;600 руб.
000054;Партер;2;26;600 руб.
000055;Партер;2;27;600 руб.
000056;Партер;2;28;600 руб.
000057;Партер;3;1;600 руб.
000058;Партер;3;2;600 руб.
000059;Партер;3;3;600 руб.
000060;Партер;3;4;600 руб.
000061;Партер;3;5;600 руб.
000062;Партер;3;6;600 руб.
000063;Партер;3;7;600 руб.
000064;Партер;3;8;600 руб.
000065;Партер;3;9;600 руб.
000066;Партер;3;10;600 руб.
000067;Партер;3;11;600 руб.
000068;Партер;3;12;600 руб.
000069;Партер;3;13;600 руб.
000070;Партер;3;14;600 руб.
000071;Партер;3;15;600 руб.
000072;Партер;3;16;600 руб.
000073;Партер;3;17;600 руб.
000074;Партер;3;18;600 руб.
000075;Партер;3;19;600 руб.
000076;Партер;3;20;600 руб.
000077;Партер;3;21;600 руб.
000078;Партер;3;22;600 руб.
000079;Партер;3;23;600 руб.
000080;Партер;3;24;600 руб.
000081;Партер;3;25;600 руб.
000082;Партер;3;26;600 руб.
000083;Партер;3;27;600 руб.
000084;Партер;3;28;600 руб.
000085;Партер;4;1;600 руб.
000086;Партер;4;2;600 руб.
000087;Партер;4;3;600 руб.
000088;Партер;4;4;600 руб.
000089;Партер;4;5;600 руб.
000090;Партер;4;6;600 руб.
000091;Партер;4;7;600 руб.
000092;Партер;4;8;600 руб.
000093;Партер;4;9;600 руб.
000094;Партер;4;10;600 руб.
000095;Партер;4;11;600 руб.
000096;Партер;4;12;600 руб.
000097;Партер;4;13;600 руб.
000098;Партер;4;14;600 руб.
000099;Партер;4;15;600 руб.
000100;Партер;4;16;600 руб.
000101;Партер;4;17;600 руб.
000102;Партер;4;18;600 руб.
000103;Партер;4;19;600 руб.
000104;Партер;4;20;600 руб.
000105;Партер;4;21;600 руб.
000106;Партер;4;22;600 руб.
000107;Партер;4;23;600 руб.
000108;Партер;4;24;600 руб.
000109;Партер;4;25;600 руб.
000110;Партер;4;26;600 руб.
000111;Партер;4;27;600 руб.
000112;Партер;4;28;600 руб.
000113;Партер;4;29;600 руб.
000114;Партер;4;30;600 руб.
000115;Партер;5;1;бесплатно
000116;Партер;5;2;бесплатно
000117;Партер;5;3;бесплатно
000118;Партер;5;4;бесплатно
000119;Партер;5;5;бесплатно
000120;Партер;5;6;бесплатно
000121;Партер;5;7;бесплатно
000122;Партер;5;8;бесплатно
000123;Партер;5;9;бесплатно
000124;Партер;5;10;бесплатно
000125;Партер;5;11;бесплатно
skip;Партер;5;12;бесплатно
skip;Партер;5;13;бесплатно
skip;Партер;5;14;бесплатно
skip;Партер;5;15;бесплатно
skip;Партер;5;16;бесплатно
skip;Партер;5;17;бесплатно
skip;Партер;5;18;бесплатно
skip;Партер;5;19;бесплатно
skip;Партер;5;20;бесплатно
skip;Партер;5;21;бесплатно
skip;Партер;5;22;бесплатно
skip;Партер;5;23;бесплатно
000126;Партер;5;24;бесплатно
000127;Партер;5;25;бесплатно
000128;Партер;5;26;бесплатно
000129;Партер;5;27;бесплатно
000130;Партер;5;28;бесплатно
000131;Партер;5;29;бесплатно
000132;Партер;5;30;бесплатно
000133;Партер;6;1;бесплатно
000134;Партер;6;2;бесплатно
000135;Партер;6;3;бесплатно
000136;Партер;6;4;бесплатно
000137;Партер;6;5;бесплатно
000138;Партер;6;6;бесплатно
000139;Партер;6;7;бесплатно
000140;Партер;6;8;бесплатно
000141;Партер;6;9;бесплатно
000142;Партер;6;10;бесплатно
000143;Партер;6;11;бесплатно
skip;Партер;6;12;бесплатно
skip;Партер;6;13;бесплатно
skip;Партер;6;14;бесплатно
skip;Партер;6;15;бесплатно
skip;Партер;6;16;бесплатно
skip;Партер;6;17;бесплатно
skip;Партер;6;18;бесплатно
skip;Партер;6;19;бесплатно
skip;Партер;6;20;бесплатно
skip;Партер;6;21;бесплатно
skip;Партер;6;22;бесплатно
skip;Партер;6;23;бесплатно
000144;Партер;6;24;бесплатно
000145;Партер;6;25;бесплатно
000146;Партер;6;26;бесплатно
000147;Партер;6;27;бесплатно
000148;Партер;6;28;бесплатно
000149;Партер;6;29;бесплатно
000150;Партер;6;30;бесплатно
000151;Партер;7;1;600 руб.
000152;Партер;7;2;600 руб.
000153;Партер;7;3;600 руб.
000154;Партер;7;4;600 руб.
000155;Партер;7;5;600 руб.
000156;Партер;7;6;600 руб.
000157;Партер;7;7;600 руб.
000158;Партер;7;8;600 руб.
000159;Партер;7;9;600 руб.
000160;Партер;7;10;600 руб.
000161;Партер;7;11;600 руб.
000162;Партер;7;12;600 руб.
000163;Партер;7;13;600 руб.
000164;Партер;7;14;600 руб.
000165;Партер;7;15;600 руб.
000166;Партер;7;16;600 руб.
000167;Партер;7;17;600 руб.
000168;Партер;7;18;600 руб.
000169;Партер;7;19;600 руб.
000170;Партер;7;20;600 руб.
000171;Партер;7;21;600 руб.
000172;Партер;7;22;600 руб.
000173;Партер;7;23;600 руб.
000174;Партер;7;24;600 руб.
000175;Партер;7;25;600 руб.
000176;Партер;7;26;600 руб.
000177;Партер;7;27;600 руб.
000178;Партер;7;28;600 руб.
000179;Партер;7;29;600 руб.
000180;Партер;7;30;600 руб.
000181;Партер;8;1;600 руб.
000182;Партер;8;2;600 руб.
000183;Партер;8;3;600 руб.
000184;Партер;8;4;600 руб.
000185;Партер;8;5;600 руб.
000186;Партер;8;6;600 руб.
000187;Партер;8;7;600 руб.
000188;Партер;8;8;600 руб.
000189;Партер;8;9;600 руб.
000190;Партер;8;10;600 руб.
000191;Партер;8;11;600 руб.
000192;Партер;8;12;600 руб.
000193;Партер;8;13;600 руб.
000194;Партер;8;14;600 руб.
000195;Партер;8;15;600 руб.
000196;Партер;8;16;600 руб.
000197;Партер;8;17;600 руб.
000198;Партер;8;18;600 руб.
000199;Партер;8;19;600 руб.
000200;Партер;8;20;600 руб.
000201;Партер;8;21;600 руб.
000202;Партер;8;22;600 руб.
000203;Партер;8;23;600 руб.
000204;Партер;8;24;600 руб.
000205;Партер;8;25;600 руб.
000206;Партер;8;26;600 руб.
000207;Партер;8;27;600 руб.
000208;Партер;8;28;600 руб.
000209;Партер;8;29;600 руб.
000210;Партер;8;30;600 руб.
000211;Партер;9;1;бесплатно
000212;Партер;9;2;бесплатно
000213;Партер;9;3;бесплатно
000214;Партер;9;4;бесплатно
000215;Партер;9;5;бесплатно
000216;Партер;9;6;бесплатно
000217;Партер;9;7;бесплатно
000218;Партер;9;8;бесплатно
000219;Партер;9;9;бесплатно
000220;Партер;9;10;бесплатно
000221;Партер;9;11;бесплатно
000222;Партер;9;12;бесплатно
000223;Партер;9;13;бесплатно
000224;Партер;9;14;бесплатно
000225;Партер;9;15;бесплатно
skip;Партер;9;16;бесплатно
skip;Партер;9;17;бесплатно
skip;Партер;9;18;бесплатно
skip;Партер;9;19;бесплатно
skip;Партер;9;20;бесплатно
skip;Партер;9;21;бесплатно
skip;Партер;9;22;бесплатно
skip;Партер;9;23;бесплатно
skip;Партер;9;24;бесплатно
skip;Партер;9;25;бесплатно
skip;Партер;9;26;бесплатно
skip;Партер;9;27;бесплатно
skip;Партер;9;28;бесплатно
000226;Партер;9;29;бесплатно
000227;Партер;9;30;бесплатно
000228;Партер;10;1;500 руб.
000229;Партер;10;2;500 руб.
000230;Партер;10;3;500 руб.
000231;Партер;10;4;500 руб.
000232;Партер;10;5;500 руб.
000233;Партер;10;6;500 руб.
000234;Партер;10;7;500 руб.
000235;Партер;10;8;500 руб.
000236;Партер;10;9;500 руб.
000237;Партер;10;10;500 руб.
000238;Партер;10;11;500 руб.
000239;Партер;10;12;500 руб.
000240;Партер;10;13;500 руб.
000241;Партер;10;14;500 руб.
000242;Партер;10;15;500 руб.
000243;Партер;10;16;500 руб.
000244;Партер;10;17;500 руб.
000245;Партер;10;18;500 руб.
000246;Партер;10;19;500 руб.
000247;Партер;10;20;500 руб.
000248;Партер;10;21;500 руб.
000249;Партер;10;22;500 руб.
000250;Партер;10;23;500 руб.
000251;Партер;10;24;500 руб.
000252;Партер;10;25;500 руб.
000253;Партер;10;26;500 руб.
000254;Партер;10;27;500 руб.
000255;Партер;10;28;500 руб.
000256;Партер;10;29;500 руб.
000257;Партер;10;30;500 руб.
000258;Партер;11;1;500 руб.
000259;Партер;11;2;500 руб.
000260;Партер;11;3;500 руб.
000261;Партер;11;4;500 руб.
000262;Партер;11;5;500 руб.
000263;Партер;11;6;500 руб.
000264;Партер;11;7;500 руб.
000265;Партер;11;8;500 руб.
000266;Партер;11;9;500 руб.
000267;Партер;11;10;500 руб.
000268;Партер;11;11;500 руб.
000269;Партер;11;12;500 руб.
000270;Партер;11;13;500 руб.
000271;Партер;11;14;500 руб.
000272;Партер;11;15;500 руб.
000273;Партер;11;16;500 руб.
000274;Партер;11;17;500 руб.
000275;Партер;11;18;500 руб.
000276;Партер;11;19;500 руб.
000277;Партер;11;20;500 руб.
000278;Партер;11;21;500 руб.
000279;Партер;11;22;500 руб.
000280;Партер;11;23;500 руб.
000281;Партер;11;24;500 руб.
000282;Партер;11;25;500 руб.
000283;Партер;11;26;500 руб.
000284;Партер;11;27;500 руб.
000285;Партер;11;28;500 руб.
000286;Партер;12;1;500 руб.
000287;Партер;12;2;500 руб.
000288;Партер;12;3;500 руб.
000289;Партер;12;4;500 руб.
000290;Партер;12;5;500 руб.
000291;Партер;12;6;500 руб.
000292;Партер;12;7;500 руб.
000293;Партер;12;8;500 руб.
000294;Партер;12;9;500 руб.
000295;Партер;12;10;500 руб.
000296;Партер;12;11;500 руб.
000297;Партер;12;12;500 руб.
000298;Партер;12;13;500 руб.
000299;Партер;12;14;500 руб.
000300;Партер;12;15;500 руб.
000301;Партер;12;16;500 руб.
000302;Партер;13;1;500 руб.
000303;Партер;13;2;500 руб.
000304;Партер;13;3;500 руб.
000305;Партер;13;4;500 руб.
000306;Партер;13;5;500 руб.
000307;Партер;13;6;500 руб.
000308;Партер;13;7;500 руб.
000309;Партер;13;8;500 руб.
000310;Партер;13;9;500 руб.
000311;Партер;13;10;500 руб.
000312;Партер;13;11;500 руб.
000313;Партер;13;12;500 руб.
000314;Партер;13;13;500 руб.
000315;Партер;13;14;500 руб.
000316;Партер;13;15;500 руб.
000317;Партер;13;16;500 руб.
000318;Партер;14;1;500 руб.
000319;Партер;14;2;500 руб.
000320;Партер;14;3;500 руб.
000321;Партер;14;4;500 руб.
000322;Партер;14;5;500 руб.
000323;Партер;14;6;500 руб.
000324;Партер;14;7;500 руб.
000325;Партер;14;8;500 руб.
000326;Партер;14;9;500 руб.
000327;Партер;14;10;500 руб.
000328;Партер;14;11;500 руб.
000329;Партер;14;12;500 руб.
000330;Партер;15;1;500 руб.
000331;Партер;15;2;500 руб.
000332;Партер;15;3;500 руб.
000333;Партер;15;4;500 руб.
000334;Партер;16;1;500 руб.
000335;Партер;16;2;500 руб.
000336;Партер;16;3;500 руб.
000337;Партер;16;4;500 руб.
000338;Партер;16;5;500 руб.
000339;Партер;16;6;500 руб.
000340;Партер;16;7;500 руб.
000341;Партер;16;8;500 руб.
000342;Партер;16;9;500 руб.
000343;Партер;16;10;500 руб.
000344;Партер;16;11;500 руб.
000345;Партер;16;12;500 руб.
000346;Партер;16;13;500 руб.
000347;Партер;16;14;500 руб.
000348;Партер;16;15;500 руб.
000349;Партер;16;16;500 руб.
000350;Партер;16;17;500 руб.
000351;Партер;16;18;500 руб.
000352;Партер;16;19;500 руб.
000353;Партер;16;20;500 руб.
000354;Партер;16;21;500 руб.
000355;Партер;16;22;500 руб.
000356;Бенуар;1;1;бесплатно
000357;Бенуар;1;2;бесплатно
000358;Бенуар;1;3;бесплатно
000359;Бенуар;1;4;бесплатно
000360;Бенуар;1;5;бесплатно
000361;Бенуар;1;6;бесплатно
000362;Бенуар;1;7;бесплатно
000363;Бенуар;1;8;бесплатно
000364;Бенуар;1;9;бесплатно
000365;Бенуар;1;10;бесплатно
000366;Бенуар;1;11;бесплатно
000367;Бенуар;1;12;бесплатно
000368;Бенуар;1;13;бесплатно
000369;Бенуар;1;14;бесплатно
000370;Бенуар;1;15;бесплатно
000371;Бенуар;1;16;бесплатно
000372;Бенуар;1;17;бесплатно
000373;Бенуар;1;18;бесплатно
000374;Бенуар;1;19;бесплатно
000375;Бенуар;1;20;бесплатно
000376;Бенуар;1;21;бесплатно
000377;Бенуар;1;22;бесплатно
000378;Бенуар;1;23;бесплатно
000379;Бенуар;1;24;бесплатно
000380;Бенуар;1;25;бесплатно
000381;Бенуар;1;26;бесплатно
000382;Бенуар;1;27;бесплатно
000383;Бенуар;2;1;500 руб.
000384;Бенуар;2;2;500 руб.
000385;Бенуар;2;3;500 руб.
000386;Бенуар;2;4;500 руб.
000387;Бенуар;2;5;500 руб.
000388;Бенуар;2;6;500 руб.
000389;Бенуар;2;7;500 руб.
000390;Бенуар;2;8;500 руб.
000391;Бенуар;2;9;500 руб.
000392;Бенуар;2;10;500 руб.
000393;Бенуар;2;11;500 руб.
000394;Бенуар;2;12;500 руб.
000395;Бенуар;2;13;500 руб.
000396;Бенуар;2;14;500 руб.
000397;Бенуар;2;15;500 руб.
000398;Бенуар;2;16;500 руб.
000399;Бенуар;2;17;500 руб.
000400;Бенуар;2;18;500 руб.
000401;Бенуар;2;19;500 руб.
000402;Бенуар;2;20;500 руб.
000403;Бенуар;2;21;500 руб.
000404;Бенуар;2;22;500 руб.
000405;Бенуар;2;23;500 руб.
000406;Бенуар;2;24;500 руб.
000407;Бенуар;2;25;500 руб.
000408;Бенуар;2;26;500 руб.
000409;Бенуар;2;27;500 руб.
000410;Бенуар;2;28;500 руб.
000411;Бенуар;2;29;500 руб.
000412;Бенуар;2;30;500 руб.
000413;Бенуар;2;31;500 руб.
000414;Бенуар;2;32;500 руб.
000415;Бенуар;2;33;500 руб.
000416;Бенуар;2;34;500 руб.
000417;Бенуар;2;35;500 руб.
000418;Бенуар;3;1;500 руб.
000419;Бенуар;3;2;500 руб.
000420;Бенуар;3;3;500 руб.
000421;Бенуар;3;4;500 руб.
000422;Бенуар;3;5;500 руб.
000423;Бенуар;3;6;500 руб.
000424;Бенуар;3;7;500 руб.
000425;Бенуар;3;8;500 руб.
000426;Бенуар;3;9;500 руб.
000427;Бенуар;3;10;500 руб.
000428;Бенуар;3;11;500 руб.
000429;Бенуар;3;12;500 руб.
000430;Бенуар;3;13;500 руб.
000431;Бенуар;3;14;500 руб.
000432;Бенуар;3;15;500 руб.
000433;Бенуар;3;16;500 руб.
000434;Бенуар;3;17;500 руб.
000435;Бенуар;3;18;500 руб.
000436;Бенуар;3;19;500 руб.
000437;Бенуар;3;20;500 руб.
000438;Бенуар;3;21;500 руб.
000439;Бенуар;3;22;500 руб.
000440;Бенуар;3;23;500 руб.
000441;Бенуар;3;24;500 руб.
000442;Бенуар;3;25;500 руб.
000443;Бенуар;3;26;500 руб.
000444;Бенуар;3;27;500 руб.
000445;Бенуар;3;28;500 руб.
000446;Бенуар;3;29;500 руб.
000447;Бенуар;3;30;500 руб.
000448;Бенуар;3;31;500 руб.
000449;Бенуар;3;32;500 руб.
000450;Бенуар;3;33;500 руб.
000451;Бенуар;3;34;500 руб.
000452;Бенуар;3;35;500 руб.
000453;Бенуар;3;36;500 руб.
000454;Бенуар;3;37;500 руб.
000455;Бенуар;3;38;500 руб.
000456;Бенуар;3;39;500 руб.
000457;Бенуар;4;1;500 руб.
000458;Бенуар;4;2;500 руб.
000459;Бенуар;4;3;500 руб.
000460;Бенуар;4;4;500 руб.
000461;Бенуар;4;5;500 руб.
000462;Бенуар;4;6;500 руб.
000463;Бенуар;4;7;500 руб.
000464;Бенуар;4;8;500 руб.
000465;Бенуар;4;9;500 руб.
000466;Бенуар;4;10;500 руб.
000467;Бенуар;4;11;500 руб.
000468;Бенуар;4;12;500 руб.
000469;Бенуар;4;13;500 руб.
000470;Бенуар;4;14;500 руб.
000471;Бенуар;4;15;500 руб.
000472;Бенуар;4;16;500 руб.
000473;Бенуар;4;17;500 руб.
000474;Бенуар;4;18;500 руб.
000475;Бенуар;4;19;500 руб.
000476;Бенуар;4;20;500 руб.
000477;Бенуар;4;21;500 руб.
000478;Бенуар;4;22;500 руб.
000479;Бенуар;4;23;500 руб.
000480;Бенуар;4;24;500 руб.
000481;Бенуар;4;25;500 руб.
000482;Бенуар;4;26;500 руб.
000483;Бенуар;4;27;500 руб.
000484;Бенуар;4;28;500 руб.
000485;Бенуар;4;29;500 руб.
000486;Бенуар;4;30;500 руб.
000487;Бенуар;4;31;500 руб.
000488;Бенуар;4;32;500 руб.
000489;Бенуар;4;33;500 руб.
000490;Бенуар;4;34;500 руб.
000491;Бенуар;4;35;500 руб.
000492;Бенуар;4;36;500 руб.
000493;Бенуар;5;1;500 руб.
000494;Бенуар;5;2;500 руб.
000495;Бенуар;5;3;500 руб.
000496;Бенуар;5;4;500 руб.
000497;Бенуар;5;5;500 руб.
000498;Бенуар;5;6;500 руб.
000499;Бенуар;5;7;500 руб.
000500;Бенуар;5;8;500 руб.
000501;Бенуар;5;9;500 руб.
000502;Бенуар;5;10;500 руб.
000503;Бенуар;5;11;500 руб.
000504;Бенуар;5;12;500 руб.
000505;Бенуар;5;13;500 руб.
000506;Бенуар;5;14;500 руб.
000507;Бенуар;5;15;500 руб.
000508;Бенуар;5;16;500 руб.
000509;Бенуар;5;17;500 руб.
000510;Бенуар;5;18;500 руб.
000511;Бенуар;5;19;500 руб.
000512;Бенуар;5;20;500 руб.
000513;Бенуар;5;21;500 руб.
000514;Бенуар;5;22;500 руб.
000515;Бенуар;5;23;500 руб.
000516;Бенуар;5;24;500 руб.
000517;Бенуар;5;25;500 руб.
000518;Бенуар;5;26;500 руб.
000519;Бенуар;5;27;500 руб.
000520;Бенуар;5;28;500 руб.
000521;Бенуар;5;29;500 руб.
000522;Бенуар;5;30;500 руб.
000523;Бенуар;5;31;500 руб.
000524;Бенуар;5;32;500 руб.
000525;Бенуар;5;33;500 руб.
000526;Бенуар;5;34;500 руб.
000527;Бенуар;5;35;500 руб.
000528;Бенуар;5;36;500 руб.
000529;Бенуар;5;37;500 руб.
000530;Бенуар;5;38;500 руб.
000531;Бенуар;5;39;500 руб.
000532;Бенуар;5;40;500 руб.
000533;Бенуар;5;41;500 руб.
000534;Бенуар;5;42;500 руб.
000535;Бенуар;5;43;500 руб.
000536;Бенуар;5;44;500 руб.
000537;Бенуар;5;45;500 руб.
000538;Бенуар;5;46;500 руб.
000539;Бенуар;5;47;500 руб.
000540;Бенуар;5;48;500 руб.
000541;Ложа бенуара №2;1;1;500 руб.
000542;Ложа бенуара №2;1;2;500 руб.
000543;Ложа бенуара №2;1;3;500 руб.
000544;Ложа бенуара №2;1;4;500 руб.
000545;Ложа бенуара №2;1;5;500 руб.
000546;Ложа бенуара №2;1;6;500 руб.
000547;Ложа бенуара №2;1;7;500 руб.
000548;Ложа бенуара №2;1;8;500 руб.
000549;Ложа бенуара №2;1;9;500 руб.
000550;Ложа бенуара №2;1;10;500 руб.
000551;Ложа бенуара №2;1;11;500 руб.
000552;Ложа бенуара №2;1;12;бесплатно
000553;Ложа бенуара №3;1;1;500 руб.
000554;Ложа бенуара №3;1;2;500 руб.
000555;Ложа бенуара №3;1;3;500 руб.
000556;Ложа бенуара №3;1;4;500 руб.
000557;Ложа бенуара №3;1;5;500 руб.
000558;Ложа бенуара №3;1;6;500 руб.
000559;Ложа бенуара №3;1;7;500 руб.
000560;Ложа бенуара №3;1;8;500 руб.
000561;Ложа бенуара №3;1;9;500 руб.
000562;Ложа бенуара №3;1;10;500 руб.
000563;Ложа бенуара №3;1;11;500 руб.
000564;Ложа бенуара №5;1;1;500 руб.
000565;Ложа бенуара №5;1;2;500 руб.
000566;Ложа бенуара №5;1;3;500 руб.
000567;Ложа бенуара №5;1;4;500 руб.
000568;Ложа бенуара №5;1;5;500 руб.
000569;Ложа бенуара №5;1;6;500 руб.
000570;Ложа бенуара №5;1;7;500 руб.
000571;Ложа бенуара №5;1;8;500 руб.
000572;Ложа бенуара №5;1;9;500 руб.
000573;Ложа бенуара №5;1;10;500 руб.
000574;Ложа бенуара №5;1;11;500 руб.
000575;Ложа бенуара №5;1;12;бесплатно
000576;Ложа бенуара №6;1;1;500 руб.
000577;Ложа бенуара №6;1;2;500 руб.
000578;Ложа бенуара №6;1;3;500 руб.
000579;Ложа бенуара №6;1;4;500 руб.
000580;Ложа бенуара №6;1;5;500 руб.
000581;Ложа бенуара №6;1;6;500 руб.
000582;Ложа бенуара №6;1;7;500 руб.
000583;Ложа бенуара №6;1;8;500 руб.
000584;Ложа бенуара №6;1;9;500 руб.
000585;Ложа бенуара №6;1;10;500 руб.
000586;Ложа бенуара №6;1;11;500 руб.
000587;Бельэтаж;1;1;450 руб.
000588;Бельэтаж;1;2;450 руб.
000589;Бельэтаж;1;3;450 руб.
000590;Бельэтаж;1;4;450 руб.
000591;Бельэтаж;1;5;450 руб.
000592;Бельэтаж;1;6;450 руб.
000593;Бельэтаж;1;7;450 руб.
000594;Бельэтаж;1;8;450 руб.
000595;Бельэтаж;1;9;450 руб.
000596;Бельэтаж;1;10;450 руб.
000597;Бельэтаж;1;11;450 руб.
000598;Бельэтаж;1;12;450 руб.
000599;Бельэтаж;1;13;450 руб.
000600;Бельэтаж;1;14;450 руб.
000601;Бельэтаж;1;15;450 руб.
000602;Бельэтаж;1;16;бесплатно
000603;Бельэтаж;1;17;бесплатно
000604;Бельэтаж;1;18;бесплатно
000605;Бельэтаж;1;19;бесплатно
000606;Бельэтаж;1;20;450 руб.
000607;Бельэтаж;1;21;450 руб.
000608;Бельэтаж;1;22;450 руб.
000609;Бельэтаж;1;23;450 руб.
000610;Бельэтаж;1;24;450 руб.
000611;Бельэтаж;1;25;450 руб.
000612;Бельэтаж;1;26;450 руб.
000613;Бельэтаж;1;27;450 руб.
000614;Бельэтаж;1;28;450 руб.
000615;Бельэтаж;1;29;450 руб.
000616;Бельэтаж;1;30;450 руб.
000617;Бельэтаж;1;31;450 руб.
000618;Бельэтаж;1;32;450 руб.
000619;Бельэтаж;1;33;450 руб.
000620;Бельэтаж;1;34;450 руб.
000621;Бельэтаж;1;35;450 руб.
000622;Бельэтаж;1;36;450 руб.
000623;Бельэтаж;2;1;450 руб.
000624;Бельэтаж;2;2;450 руб.
000625;Бельэтаж;2;3;450 руб.
000626;Бельэтаж;2;4;450 руб.
000627;Бельэтаж;2;5;450 руб.
000628;Бельэтаж;2;6;450 руб.
000629;Бельэтаж;2;7;450 руб.
000630;Бельэтаж;2;8;450 руб.
000631;Бельэтаж;2;9;450 руб.
000632;Бельэтаж;2;10;450 руб.
000633;Бельэтаж;2;11;450 руб.
000634;Бельэтаж;2;12;450 руб.
000635;Бельэтаж;2;13;450 руб.
000636;Бельэтаж;2;14;450 руб.
000637;Бельэтаж;2;15;450 руб.
000638;Бельэтаж;2;16;450 руб.
000639;Бельэтаж;2;17;450 руб.
000640;Бельэтаж;2;18;450 руб.
000641;Бельэтаж;2;19;450 руб.
000642;Бельэтаж;2;20;450 руб.
000643;Бельэтаж;2;21;450 руб.
000644;Бельэтаж;2;22;450 руб.
000645;Бельэтаж;2;23;450 руб.
000646;Бельэтаж;2;24;450 руб.
000647;Бельэтаж;2;25;450 руб.
000648;Бельэтаж;2;26;450 руб.
000649;Бельэтаж;2;27;450 руб.
000650;Бельэтаж;2;28;450 руб.
000651;Бельэтаж;2;29;450 руб.
000652;Бельэтаж;2;30;450 руб.
000653;Бельэтаж;2;31;450 руб.
000654;Бельэтаж;2;32;450 руб.
000655;Бельэтаж;2;33;450 руб.
000656;Бельэтаж;2;34;450 руб.
000657;Бельэтаж;2;35;450 руб.
000658;Бельэтаж;2;36;450 руб.
000659;Бельэтаж;3;1;450 руб.
000660;Бельэтаж;3;2;450 руб.
000661;Бельэтаж;3;3;450 руб.
000662;Бельэтаж;3;4;450 руб.
000663;Бельэтаж;3;5;450 руб.
000664;Бельэтаж;3;6;450 руб.
000665;Бельэтаж;3;7;450 руб.
000666;Бельэтаж;3;8;450 руб.
000667;Бельэтаж;3;9;450 руб.
000668;Бельэтаж;3;10;450 руб.
000669;Бельэтаж;3;11;450 руб.
000670;Бельэтаж;3;12;450 руб.
000671;Бельэтаж;3;13;450 руб.
000672;Бельэтаж;3;14;450 руб.
000673;Бельэтаж;3;15;450 руб.
000674;Бельэтаж;3;16;450 руб.
000675;Бельэтаж;3;17;450 руб.
000676;Бельэтаж;3;18;450 руб.
000677;Бельэтаж;3;19;450 руб.
000678;Бельэтаж;3;20;450 руб.
000679;Бельэтаж;3;21;450 руб.
000680;Бельэтаж;3;22;450 руб.
000681;Бельэтаж;3;23;450 руб.
000682;Бельэтаж;3;24;450 руб.
000683;Бельэтаж;3;25;450 руб.
000684;Бельэтаж;3;26;450 руб.
000685;Бельэтаж;3;27;450 руб.
000686;Бельэтаж;3;28;450 руб.
000687;Бельэтаж;3;29;450 руб.
000688;Бельэтаж;3;30;450 руб.
000689;Бельэтаж;3;31;450 руб.
000690;Бельэтаж;3;32;450 руб.
000691;Бельэтаж;3;33;450 руб.
000692;Бельэтаж;3;34;450 руб.
000693;Бельэтаж;4;1;450 руб.
000694;Бельэтаж;4;2;450 руб.
000695;Бельэтаж;4;3;450 руб.
000696;Бельэтаж;4;4;450 руб.
000697;Бельэтаж;4;5;450 руб.
000698;Бельэтаж;4;6;450 руб.
000699;Бельэтаж;4;7;450 руб.
000700;Бельэтаж;4;8;450 руб.
000701;Бельэтаж;4;9;450 руб.
000702;Бельэтаж;4;10;450 руб.
000703;Бельэтаж;4;11;450 руб.
000704;Бельэтаж;4;12;450 руб.
000705;Бельэтаж;4;13;450 руб.
000706;Бельэтаж;4;14;450 руб.
000707;Бельэтаж;4;15;450 руб.
000708;Бельэтаж;4;16;450 руб.
000709;Бельэтаж;4;17;450 руб.
000710;Бельэтаж;4;18;450 руб.
000711;Бельэтаж;4;19;450 руб.
000712;Бельэтаж;4;20;450 руб.
000713;Бельэтаж;4;21;450 руб.
000714;Бельэтаж;4;22;450 руб.
000715;Бельэтаж;4;23;450 руб.
000716;Бельэтаж;4;24;450 руб.
000717;Бельэтаж;4;25;450 руб.
000718;Бельэтаж;4;26;450 руб.
000719;Бельэтаж;4;27;450 руб.
000720;Бельэтаж;4;28;450 руб.
000721;Бельэтаж;4;29;450 руб.
000722;Бельэтаж;4;30;450 руб.
000723;Бельэтаж;4;31;450 руб.
000724;Бельэтаж;4;32;450 руб.
000725;Бельэтаж;4;33;450 руб.
000726;Бельэтаж;4;34;450 руб.
000727;Бельэтаж;5;1;450 руб.
000728;Бельэтаж;5;2;450 руб.
000729;Бельэтаж;5;3;450 руб.
000730;Бельэтаж;5;4;450 руб.
000731;Бельэтаж;5;5;450 руб.
000732;Бельэтаж;5;6;450 руб.
000733;Бельэтаж;5;7;450 руб.
000734;Бельэтаж;5;8;450 руб.
000735;Бельэтаж;5;9;450 руб.
000736;Бельэтаж;5;10;450 руб.
000737;Бельэтаж;5;11;450 руб.
000738;Бельэтаж;5;12;450 руб.
000739;Бельэтаж;5;13;450 руб.
000740;Бельэтаж;5;14;450 руб.
000741;Бельэтаж;5;15;450 руб.
000742;Бельэтаж;5;16;450 руб.
000743;Бельэтаж;5;17;450 руб.
000744;Бельэтаж;5;18;450 руб.
000745;Бельэтаж;5;19;450 руб.
000746;Бельэтаж;5;20;450 руб.
000747;Бельэтаж;5;21;450 руб.
000748;Бельэтаж;5;22;450 руб.
000749;Бельэтаж;5;23;450 руб.
000750;Бельэтаж;5;24;450 руб.
000751;Бельэтаж;5;25;450 руб.
000752;Бельэтаж;5;26;450 руб.
000753;Бельэтаж;5;27;450 руб.
000754;Бельэтаж;5;28;450 руб.
000755;Бельэтаж;5;29;450 руб.
000756;Бельэтаж;5;30;450 руб.
000757;Бельэтаж;5;31;450 руб.
000758;Бельэтаж;5;32;450 руб.
000759;Бельэтаж;5;33;450 руб.
000760;Бельэтаж;5;34;450 руб.
000761;Бельэтаж;5;35;450 руб.
000762;Бельэтаж;5;36;450 руб.
000763;Бельэтаж;5;37;450 руб.
000764;Бельэтаж;5;38;450 руб.
000765;Бельэтаж;5;39;450 руб.
000766;Бельэтаж;5;40;450 руб.
000767;Бельэтаж - Левая сторона;1;1;450 руб.
000768;Бельэтаж - Левая сторона;1;2;450 руб.
000769;Бельэтаж - Левая сторона;1;3;450 руб.
000770;Бельэтаж - Левая сторона;1;4;450 руб.
000771;Бельэтаж - Левая сторона;1;5;450 руб.
000772;Бельэтаж - Левая сторона;1;6;450 руб.
000773;Бельэтаж - Левая сторона;1;7;450 руб.
000774;Бельэтаж - Левая сторона;1;8;450 руб.
000775;Бельэтаж - Левая сторона;1;9;450 руб.
000776;Бельэтаж - Левая сторона;1;10;450 руб.
000777;Бельэтаж - Левая сторона;1;11;450 руб.
000778;Бельэтаж - Левая сторона;1;12;450 руб.
000779;Бельэтаж - Левая сторона;1;13;450 руб.
000780;Бельэтаж - Левая сторона;1;14;450 руб.
000781;Бельэтаж - Левая сторона;2;1;450 руб.
000782;Бельэтаж - Левая сторона;2;2;450 руб.
000783;Бельэтаж - Левая сторона;2;3;450 руб.
000784;Бельэтаж - Левая сторона;2;4;450 руб.
000785;Бельэтаж - Левая сторона;2;5;450 руб.
000786;Бельэтаж - Левая сторона;2;6;450 руб.
000787;Бельэтаж - Левая сторона;2;7;450 руб.
000788;Бельэтаж - Левая сторона;2;8;450 руб.
000789;Бельэтаж - Левая сторона;2;9;450 руб.
000790;Бельэтаж - Левая сторона;2;10;450 руб.
000791;Бельэтаж - Левая сторона;2;11;450 руб.
000792;Бельэтаж - Правая сторона;1;1;450 руб.
000793;Бельэтаж - Правая сторона;1;2;450 руб.
000794;Бельэтаж - Правая сторона;1;3;450 руб.
000795;Бельэтаж - Правая сторона;1;4;450 руб.
000796;Бельэтаж - Правая сторона;1;5;450 руб.
000797;Бельэтаж - Правая сторона;1;6;450 руб.
000798;Бельэтаж - Правая сторона;1;7;450 руб.
000799;Бельэтаж - Правая сторона;1;8;450 руб.
000800;Бельэтаж - Правая сторона;1;9;450 руб.
000801;Бельэтаж - Правая сторона;1;10;450 руб.
000802;Бельэтаж - Правая сторона;1;11;450 руб.
000803;Бельэтаж - Правая сторона;1;12;450 руб.
000804;Бельэтаж - Правая сторона;1;13;450 руб.
000805;Бельэтаж - Правая сторона;1;14;450 руб.
000806;Бельэтаж - Правая сторона;2;1;450 руб.
000807;Бельэтаж - Правая сторона;2;2;450 руб.
000808;Бельэтаж - Правая сторона;2;3;450 руб.
000809;Бельэтаж - Правая сторона;2;4;450 руб.
000810;Бельэтаж - Правая сторона;2;5;450 руб.
000811;Бельэтаж - Правая сторона;2;6;450 руб.
000812;Бельэтаж - Правая сторона;2;7;450 руб.
000813;Бельэтаж - Правая сторона;2;8;450 руб.
000814;Бельэтаж - Правая сторона;2;9;450 руб.
000815;Бельэтаж - Правая сторона;2;10;450 руб.
000816;Бельэтаж - Правая сторона;2;11;450 руб.
000817;Балкон;1;1;50 руб.
000818;Балкон;1;2;50 руб.
000819;Балкон;1;3;50 руб.
000820;Балкон;1;4;50 руб.
000821;Балкон;1;5;50 руб.
000822;Балкон;1;6;50 руб.
000823;Балкон;1;7;50 руб.
000824;Балкон;1;8;50 руб.
000825;Балкон;1;9;50 руб.
000826;Балкон;1;10;50 руб.
000827;Балкон;1;11;50 руб.
000828;Балкон;1;12;50 руб.
000829;Балкон;1;13;50 руб.
000830;Балкон;1;14;50 руб.
000831;Балкон;1;15;50 руб.
000832;Балкон;1;16;50 руб.
000833;Балкон;1;17;50 руб.
000834;Балкон;1;18;50 руб.
000835;Балкон;1;19;50 руб.
000836;Балкон;1;20;50 руб.
000837;Балкон;1;21;50 руб.
000838;Балкон;1;22;50 руб.
000839;Балкон;1;23;50 руб.
000840;Балкон;1;24;50 руб.
000841;Балкон;1;25;50 руб.
000842;Балкон;1;26;50 руб.
000843;Балкон;1;27;50 руб.
000844;Балкон;1;28;50 руб.
000845;Балкон;1;29;50 руб.
000846;Балкон;1;30;50 руб.
000847;Балкон;1;31;50 руб.
000848;Балкон;1;32;50 руб.
000849;Балкон;1;33;50 руб.
000850;Балкон;1;34;50 руб.
000851;Балкон;1;35;50 руб.
000852;Балкон;1;36;50 руб.
000853;Балкон;2;1;50 руб.
000854;Балкон;2;2;50 руб.
000855;Балкон;2;3;50 руб.
000856;Балкон;2;4;50 руб.
000857;Балкон;2;5;50 руб.
000858;Балкон;2;6;50 руб.
000859;Балкон;2;7;50 руб.
000860;Балкон;2;8;50 руб.
000861;Балкон;2;9;50 руб.
000862;Балкон;2;10;50 руб.
000863;Балкон;2;11;50 руб.
000864;Балкон;2;12;50 руб.
000865;Балкон;2;13;50 руб.
000866;Балкон;2;14;50 руб.
000867;Балкон;2;15;50 руб.
000868;Балкон;2;16;50 руб.
000869;Балкон;2;17;50 руб.
000870;Балкон;2;18;50 руб.
000871;Балкон;2;19;50 руб.
000872;Балкон;2;20;50 руб.
000873;Балкон;2;21;50 руб.
000874;Балкон;2;22;50 руб.
000875;Балкон;2;23;50 руб.
000876;Балкон;2;24;50 руб.
000877;Балкон;2;25;50 руб.
000878;Балкон;2;26;50 руб.
000879;Балкон;2;27;50 руб.
000880;Балкон;2;28;50 руб.
000881;Балкон;2;29;50 руб.
000882;Балкон;2;30;50 руб.
000883;Балкон;2;31;50 руб.
000884;Балкон;2;32;50 руб.
000885;Балкон;2;33;50 руб.
000886;Балкон;2;34;50 руб.
000887;Балкон;2;35;50 руб.
000888;Балкон;2;36;50 руб.
000889;Балкон;3;1;50 руб.
000890;Балкон;3;2;50 руб.
000891;Балкон;3;3;50 руб.
000892;Балкон;3;4;50 руб.
000893;Балкон;3;5;50 руб.
000894;Балкон;3;6;50 руб.
000895;Балкон;3;7;50 руб.
000896;Балкон;3;8;50 руб.
000897;Балкон;3;9;50 руб.
000898;Балкон;3;10;50 руб.
000899;Балкон;3;11;50 руб.
000900;Балкон;3;12;50 руб.
000901;Балкон;3;13;50 руб.
000902;Балкон;3;14;50 руб.
000903;Балкон;3;15;50 руб.
000904;Балкон;3;16;50 руб.
000905;Балкон;3;17;50 руб.
000906;Балкон;3;18;50 руб.
000907;Балкон;3;19;50 руб.
000908;Балкон;3;20;50 руб.
000909;Балкон;3;21;50 руб.
000910;Балкон;3;22;50 руб.
000911;Балкон;3;23;50 руб.
000912;Балкон;3;24;50 руб.
000913;Балкон;3;25;50 руб.
000914;Балкон;3;26;50 руб.
000915;Балкон;3;27;50 руб.
000916;Балкон;3;28;50 руб.
000917;Балкон;3;29;50 руб.
000918;Балкон;3;30;50 руб.
000919;Балкон;3;31;50 руб.
000920;Балкон;3;32;50 руб.
000921;Балкон;3;33;50 руб.
000922;Балкон;3;34;50 руб.
000923;Балкон;3;35;50 руб.
000924;Балкон;3;36;50 руб.
000925;Балкон;4;1;50 руб.
000926;Балкон;4;2;50 руб.
000927;Балкон;4;3;50 руб.
000928;Балкон;4;4;50 руб.
000929;Балкон;4;5;50 руб.
000930;Балкон;4;6;50 руб.
000931;Балкон;4;7;50 руб.
000932;Балкон;4;8;50 руб.
000933;Балкон;4;9;50 руб.
000934;Балкон;4;10;50 руб.
000935;Балкон;4;11;50 руб.
000936;Балкон;4;12;50 руб.
000937;Балкон;4;13;50 руб.
000938;Балкон;4;14;50 руб.
000939;Балкон;4;15;50 руб.
000940;Балкон;4;16;50 руб.
000941;Балкон;4;17;50 руб.
000942;Балкон;4;18;50 руб.
000943;Балкон;4;19;50 руб.
000944;Балкон;4;20;50 руб.
000945;Балкон;4;21;50 руб.
000946;Балкон;4;22;50 руб.
000947;Балкон;4;23;50 руб.
000948;Балкон;4;24;50 руб.
000949;Балкон;4;25;50 руб.
000950;Балкон;4;26;50 руб.
000951;Балкон;4;27;50 руб.
000952;Балкон;4;28;50 руб.
000953;Балкон;4;29;50 руб.
000954;Балкон;4;30;50 руб.
000955;Балкон;4;31;50 руб.
000956;Балкон;4;32;50 руб.
000957;Балкон;4;33;50 руб.
000958;Балкон;4;34;50 руб.
000959;Балкон;4;35;50 руб.
000960;Балкон;4;36;50 руб.
000961;Балкон;5;1;50 руб.
000962;Балкон;5;2;50 руб.
000963;Балкон;5;3;50 руб.
000964;Балкон;5;4;50 руб.
000965;Балкон;5;5;50 руб.
000966;Балкон;5;6;50 руб.
000967;Балкон;5;7;50 руб.
000968;Балкон;5;8;50 руб.
000969;Балкон;5;9;50 руб.
000970;Балкон;5;10;50 руб.
000971;Балкон;5;11;50 руб.
000972;Балкон;5;12;50 руб.
000973;Балкон;5;13;50 руб.
000974;Балкон;5;14;50 руб.
000975;Балкон;5;15;50 руб.
000976;Балкон;5;16;50 руб.
000977;Балкон;5;17;50 руб.
000978;Балкон;5;18;50 руб.
000979;Балкон;5;19;50 руб.
000980;Балкон;5;20;50 руб.
000981;Балкон;5;21;50 руб.
000982;Балкон;5;22;50 руб.
000983;Балкон;5;23;50 руб.
000984;Балкон;5;24;50 руб.
000985;Балкон;5;25;50 руб.
000986;Балкон;5;26;50 руб.
000987;Балкон;5;27;50 руб.
000988;Балкон;5;28;50 руб.
000989;Балкон;5;29;50 руб.
000990;Балкон;5;30;50 руб.
000991;Балкон;5;31;50 руб.
000992;Балкон;5;32;50 руб.
000993;Балкон;5;33;50 руб.
000994;Балкон;5;34;50 руб.
000995;Балкон;5;35;50 руб.
000996;Балкон;5;36;50 руб.
000997;Балкон - Левая сторона;1;1;50 руб.
000998;Балкон - Левая сторона;1;2;50 руб.
000999;Балкон - Левая сторона;1;3;50 руб.
001000;Балкон - Левая сторона;1;4;50 руб.
001001;Балкон - Левая сторона;1;5;50 руб.
001002;Балкон - Левая сторона;1;6;50 руб.
001003;Балкон - Левая сторона;1;7;50 руб.
001004;Балкон - Левая сторона;1;8;50 руб.
001005;Балкон - Левая сторона;1;9;50 руб.
001006;Балкон - Левая сторона;1;10;50 руб.
001007;Балкон - Левая сторона;1;11;50 руб.
001008;Балкон - Левая сторона;1;12;50 руб.
001009;Балкон - Левая сторона;1;13;50 руб.
001010;Балкон - Левая сторона;1;14;50 руб.
001011;Балкон - Левая сторона;1;15;50 руб.
001012;Балкон - Левая сторона;1;16;50 руб.
001013;Балкон - Левая сторона;1;17;50 руб.
001014;Балкон - Левая сторона;1;18;50 руб.
001015;Балкон - Левая сторона;1;19;50 руб.
001016;Балкон - Левая сторона;1;20;50 руб.
001017;Балкон - Правая сторона;1;1;50 руб.
001018;Балкон - Правая сторона;1;2;50 руб.
001019;Балкон - Правая сторона;1;3;50 руб.
001020;Балкон - Правая сторона;1;4;50 руб.
001021;Балкон - Правая сторона;1;5;50 руб.
001022;Балкон - Правая сторона;1;6;50 руб.
001023;Балкон - Правая сторона;1;7;50 руб.
001024;Балкон - Правая сторона;1;8;50 руб.
001025;Балкон - Правая сторона;1;9;50 руб.
001026;Балкон - Правая сторона;1;10;50 руб.
001027;Балкон - Правая сторона;1;11;50 руб.
001028;Балкон - Правая сторона;1;12;50 руб.
001029;Балкон - Правая сторона;1;13;50 руб.
001030;Балкон - Правая сторона;1;14;50 руб.
001031;Балкон - Правая сторона;1;15;50 руб.
001032;Балкон - Правая сторона;1;16;50 руб.
001033;Балкон - Правая сторона;1;17;50 руб.
001034;Балкон - Правая сторона;1;18;50 руб.
001035;Балкон - Правая сторона;1;19;50 руб.
001036;Балкон - Правая сторона;1;20;50 руб.